ID,Name,DOB,Gender,Email,Phonenumber
1,Maisha,1979-12-03,Female,maisha@gmail.com,598.216.9391
2,Deepti,1937-05-09,Female,deepti@gmail.com,598.216.9391
3,Sharmin,1914-02-08,Female,sharmin@gmail.com,444.614.0801
4,Al,1947-01-17,Female,al@gmail.com,954.711.6924
5,Gabi,1914-12-09,Female,gabi@gmail.com,381.782.4156
6,Kay,2006-01-05,Female,kay@gmail.com,750.350.9680
7,Ulas,2009-07-26,Male,ulas@gmail.com,906.611.9843
8,Enda,2009-07-04,Female,enda@gmail.com,566.812.5549
9,Ron,2024-09-09,Male,ron@gmail.com,747.672.1678
10,Sam,1975-07-21,Male,sam@gmail.com,937.376.6494
